,person_id,gender,wage,bonus,total
0,0,F,46793.6038108271,33329.344099872564,594852.5898297977
1,1,F,33481.57572005241,0.0,401778.9086406289
2,2,F,44523.69908406118,3192912.3129180763,3727196.7019268107
3,3,F,15995.576829130952,21968.57937484445,213915.50132441588
4,4,M,10282.631223900877,0.0,123391.57468681052
5,5,F,65464.53228148786,53167.8029435237,838742.1903213781
6,6,F,35395.17245409278,14750.106301849211,439492.1757509626
7,7,F,139610.8543652314,0.0,1675330.252382777
8,8,F,54813.50695725651,415211.3980078665,1072973.4814949445
9,9,F,12196.08391898407,0.0,146353.00702780884
10,10,F,30489.46661003692,0.0,365873.59932044306
11,11,M,3249.605291476977,7562.87139000765,46558.13488773137
12,12,F,23547.663280821514,386483.71671652544,669055.6760863836
13,12,F,23547.663280821514,247287.5851858261,529859.5445556842
14,13,F,273483.60923594295,13956.372348850608,3295759.683180166
15,14,F,13434.655493289682,39212.94761001429,200428.81352949046
16,14,F,13434.655493289682,5259.058474655259,166474.92439413143
17,15,M,68341.33216316313,94066.87833851548,914162.8642964731
18,16,M,35448.04087759186,0.0,425376.49053110235
19,17,F,20178.985060062987,6073.910826123347,248221.7315468792
20,18,M,166655.8082740009,0.0,1999869.699288011
21,19,M,9808.005933838096,0.0,117696.07120605715
22,20,F,5145.156039682276,0.0,61741.872476187316
23,21,F,8375.630784677518,92305.96287463808,192813.5322907683
24,22,F,92721.847913788,0.0,1112662.1749654561
25,24,M,44093.97871506778,0.0,529127.7445808133
26,25,M,47579.57903775951,246041.81282620243,816996.7612793166
27,26,M,1642.7151702418,0.0,19712.582042901602
28,27,F,20020.445463382228,7510.231802608246,247755.57736319496
29,28,,,17095.225198768767,
30,29,M,21648.22544335491,641.4821127922093,260420.18743305112
31,30,M,17369.868542161905,0.0,208438.42250594287
32,31,M,18927.67410536637,0.0,227132.08926439646
33,32,F,50761.92341761336,0.0,609143.0810113603
34,34,M,5087.99259683909,549676.2002573074,610732.1114193765
35,35,M,150636.1632578341,46781.7086783985,1854415.6677724076
36,36,M,16594.25579357388,0.0,199131.06952288657
37,37,F,125014.89032696869,0.0,1500178.6839236242
38,39,F,25031.713818674303,2226.908400218666,302607.4742243103
39,40,F,81986.6750402388,104183.87675047651,1088023.9772333421
40,41,M,7331.286676095301,12225.080391660118,100200.52050480373
41,42,F,23057.29227543021,0.0,276687.5073051625
42,43,,,268778.4398043498,
43,44,F,23512.92813822399,599.4414131095739,282754.5790717975
44,45,F,36458.3187389708,0.0,437499.8248676496
45,46,F,17731.107140673397,0.0,212773.28568808077
46,47,M,13760.36498032092,0.0,165124.37976385103
47,48,M,39438.8560994648,0.0,473266.2731935776
48,49,F,33981.39066517921,0.0,407776.6879821506
49,50,M,16679.959601485964,18937.01752375566,219096.53274158723
50,51,F,66891.4151498423,1796413.0088165386,2599109.990614646
51,52,F,24351.02056340356,473484.31551141024,765696.562272253
52,53,F,12213.218211312056,643776.1190872692,790334.7376230138
53,54,M,21912.042750861525,10150.350968411476,273094.8639787498
54,55,F,89649.41090492265,9292.496185798993,1085085.4270448708
55,56,M,32077.905361588764,0.0,384934.86433906516
56,57,F,29931.55154993629,0.0,359178.61859923543
57,58,F,52492.15440773185,0.0,629905.8528927822
58,59,F,109324.20492893684,158669.57775518458,1470560.0369024267
59,60,M,50568.54102949953,126232.33766051798,733054.8300145124
60,61,F,25985.94681207217,0.0,311831.361744866
61,62,M,15945.278162806684,36405.123813212456,227748.46176689264
62,63,M,106844.69515100912,7413.98406899185,1289550.3258811012
63,64,M,3783.688347712962,0.0,45404.26017255554
64,65,M,24432.05551441234,0.0,293184.6661729481
65,66,M,15994.629443092086,0.0,191935.55331710505
66,67,F,35909.41003601559,6903.335822273492,437816.25625446066
67,68,M,16832.12659701357,2378.137275375602,204363.6564395384
68,69,F,61763.23743293326,0.0,741158.8491951991
69,70,F,29200.55956808518,8654.515506846825,359061.230323869
70,71,F,24342.13873316709,0.0,292105.6647980051
71,72,F,19457.813454515548,225008.14478312852,458501.9062373151
72,73,M,44071.15321864434,0.0,528853.8386237321
73,74,M,12669.12651234836,0.0,152029.51814818033
74,75,M,17284.669079512514,3353.8373481536137,210769.86630230377
75,76,F,25227.529485575284,1336.3457832128115,304066.6996101162
76,77,F,180449.1363594384,0.0,2165389.6363132605
77,78,F,16460.183057937502,13502.390613633355,211024.58730888338
78,79,M,37685.09180450877,14109.187231794896,466330.2888859001
79,80,M,16067.60563121251,0.0,192811.26757455012
80,81,M,85866.54341296887,0.0,1030398.5209556264
81,82,M,28209.20577390416,12980.425215302934,351490.8945021528
82,83,M,10929.035926320335,748062.9060644052,879211.3371802493
83,84,M,12509.566850664414,7086.230687145605,157201.03289511858
84,85,F,54033.22857174506,0.0,648398.7428609408
85,86,M,51927.92019572188,7910.731209121113,631045.7735577837
86,87,M,6478.68839106308,0.0,77744.26069275697
87,88,M,25817.532282061213,44720.2746405525,354530.6620252871
88,89,F,13614.400337899971,0.0,163372.80405479966
89,90,F,20450.72257249706,0.0,245408.6708699647
90,91,F,33076.39742443367,0.0,396916.76909320406
91,92,M,12026.738807144722,0.0,144320.86568573667
92,93,F,40880.22187889578,2570.712810805765,493133.37535755517
93,94,F,69055.92363379226,0.0,828671.0836055072
94,95,M,167593.1870382354,10936.489277137356,2022054.7337359623
95,96,M,4748.8889377653495,0.0,56986.66725318419
96,97,M,46368.27408429419,20915.82965752476,577335.118669055
97,98,F,155927.6772329421,4660.718570584893,1875792.8453658903
98,99,F,51568.74108630321,0.0,618824.8930356386
99,100,F,39208.03511031708,92066.58797792748,562563.0093017325
100,101,F,25728.138997391423,34389.007897197975,343126.67586589506
101,102,F,45620.01032424576,5551.732928262938,552991.8568192121
102,103,M,194140.5161132946,0.0,2329686.193359535
103,104,M,42787.3205595457,77031.99543561327,590479.8421501616
104,105,F,16715.625627090965,12582.050416715452,213169.55794180703
105,106,M,30522.815044474377,0.0,366273.7805336925
106,107,M,7572.169663550259,0.0,90866.03596260311
107,108,F,49384.9449676871,1739815.9482724196,2332435.2878846647
108,109,F,75732.81229205846,0.0,908793.7475047015
109,110,F,31340.986591958797,14086.067488221786,390177.9065917274
110,111,F,62729.715771731615,19037.406986781752,771793.9962475611
111,112,M,9704.010222380664,233510.14152950823,349958.2641980762
112,113,F,31964.65929741872,96924.66207232692,480500.57364135154
113,114,F,10156.217267059048,30856.39132360999,152730.99852831857
114,115,F,14243.879586917645,69250.00527107384,240176.56031408557
115,116,M,24945.07251340523,0.0,299340.87016086275
116,117,M,23600.595040844164,0.0,283207.14049012994
117,118,F,38054.09312846711,0.0,456649.1175416053
118,119,M,34999.82893042477,30215.23800750593,450213.1851726032
119,120,F,8433.01448946828,0.0,101196.17387361935
120,121,M,34618.32972641822,0.0,415419.9567170186
121,122,M,33807.45932495064,0.0,405689.5118994077
122,123,M,17937.272461422046,0.0,215247.26953706454
123,124,F,13962.41614780862,0.0,167548.99377370346
124,125,F,5441.171260107912,0.0,65294.055121294936
125,126,M,27882.23882496271,57532.45091849573,392119.31681804825
126,127,M,26789.183020310997,90944.4691969234,412414.6654406553
127,128,F,48239.426317830505,44985.55561221035,623858.6714261763
128,129,F,2346.2868998123354,319.7469510643815,28475.189748812405
129,130,F,66389.28925903118,0.0,796671.4711083742
130,131,M,21738.284700828222,0.0,260859.41640993865
131,132,M,88479.19240275348,0.0,1061750.3088330417
132,133,M,13863.109367041834,27881.648965748973,194238.96137025097
133,134,F,34771.74434466359,0.0,417260.93213596306
134,135,M,7153.036772704063,0.0,85836.44127244875
135,136,F,137819.97538498943,25650.49581818874,1679490.200438062
136,137,F,35339.16348567726,0.0,424069.9618281271
137,138,F,45444.35333940426,0.0,545332.2400728511
138,139,F,24822.89726570449,0.0,297874.7671884539
139,140,M,34764.1006225396,0.0,417169.2074704752
140,141,F,9114.491936022789,16048.466620344296,125422.36985261776
141,142,F,27072.394454038367,46359.8722852876,371228.605733748
142,143,F,31450.037413729664,0.0,377400.448964756
143,144,M,37968.90452112152,0.0,455626.8542534582
144,145,M,60257.57700307222,0.0,723090.9240368666
145,146,M,116778.9554482372,0.0,1401347.4653788465
146,147,M,13684.073500494576,0.0,164208.88200593492
147,148,M,60094.75558892518,269007.0551405547,990144.1222076569
148,149,F,17869.936310402773,0.0,214439.23572483327
149,150,M,10528.668037126488,19781.07330337724,146125.0897488951
150,151,M,23887.78367690443,0.0,286653.4041228532
151,152,F,54142.2355859045,0.0,649706.827030854
152,153,M,24282.78013828532,6347.20429765674,297740.5659570806
153,154,M,70573.64289803605,976.167977056902,847859.8827534895
154,155,F,35892.552650146994,459.7339689597764,431170.36577072367
155,156,M,13351.75026266625,0.0,160221.003151995
156,157,F,165415.1159791516,0.0,1984981.3917498193
157,158,F,21804.57605752988,0.0,261654.9126903586
158,159,F,10067.824326911845,0.0,120813.89192294213
159,160,M,108655.00102858314,0.0,1303860.0123429976
160,161,F,66362.48066921528,0.0,796349.7680305834
161,162,F,16015.700773868472,0.0,192188.40928642167
162,163,M,12910.595361111971,0.0,154927.14433334366
163,164,M,95939.83852091554,0.0,1151278.0622509865
164,165,M,21034.08940734992,0.0,252409.072888199
165,166,M,217903.8072938985,47735.79304893397,2662581.480575716
166,167,F,56162.61168390414,7206.556126094073,681157.8963329438
167,168,F,48855.96996910223,0.0,586271.6396292268
168,169,F,27979.1190936478,332833.0298039964,668582.4589277699
169,170,F,36821.44782142853,0.0,441857.3738571423
170,171,M,76166.03074707088,6617.839365719903,920610.2083305705
171,172,F,29306.59297446029,0.0,351679.1156935235
172,173,M,21596.20692095425,0.0,259154.48305145098
173,174,F,58888.570407069295,188996.49732610877,895659.3422109403
174,175,M,25434.07294579813,33316.06575281657,338524.9411023941
175,176,F,83331.15244585769,0.0,999973.8293502922
176,177,F,23916.729453625296,0.0,287000.7534435035
177,178,F,12155.416545102384,0.0,145864.9985412286
178,179,M,30997.06233329227,13639.66630258567,385604.4143020929
179,180,M,14838.653599628684,40283.52227769772,218347.36547324192
180,181,F,22915.876999705084,172944.992719467,447935.516715928
181,182,M,17466.402170211306,0.0,209596.82604253566
182,183,M,32879.97433421192,638001.6118819619,1032561.3038925049
183,184,M,71922.9884222791,0.0,863075.8610673492
184,185,M,55669.17980575511,302547.2660807702,970577.4237498315
185,186,F,20787.59786703243,110269.05290306562,359720.2273074548
186,187,M,8167.221666583767,0.0,98006.6599990052
187,188,M,24903.610827320845,5536.9626721263,304380.29259997647
188,189,F,27175.661720298143,686563.6412468133,1012671.5818903911
189,190,M,89095.13985933302,0.0,1069141.6783119962
190,191,M,17046.60132106642,0.0,204559.21585279703
191,192,F,78289.02428047145,0.0,939468.2913656575
192,193,M,87502.24792521255,0.0,1050026.9751025506
193,194,F,47743.46471889665,778.0408109509525,573699.6174377106
194,195,M,15992.027728319426,11012.704333634932,202917.03707346803
195,196,F,43709.33702511205,37583.27684200014,562095.3211433447
196,197,M,28949.66024406052,0.0,347395.92292872624
197,198,F,202285.52623645205,0.0,2427426.3148374246
198,199,F,22314.109441927303,83545.36505310601,351314.67835623363
199,200,M,15097.761795627168,0.0,181173.141547526
200,201,M,75421.53685509591,218451.07536116516,1123509.517622316
201,202,F,45404.19480964063,0.0,544850.3377156875
202,203,M,62106.53259058242,0.0,745278.3910869891
203,204,F,5842.865235992525,0.0,70114.3828319103
204,205,F,34360.119569011295,0.0,412321.43482813553
205,206,F,231897.4547183551,0.0,2782769.456620261
206,207,M,33484.90410016015,0.0,401818.84920192184
207,208,M,9803.249149281955,151.73239525968611,117790.72218664316
208,209,M,34171.21723618459,0.0,410054.60683421505
209,210,M,6915.145526979035,79547.73832616875,162529.48464991717
210,211,F,109888.68527755626,0.0,1318664.2233306752
211,212,F,26431.138897135315,7055.543396760405,324229.2101623842
212,213,M,10529.9955437082,0.0,126359.9465244984
213,214,M,17273.382405848984,4076.184721886657,211356.77359207446
214,215,F,52013.9493709835,0.0,624167.392451802
215,216,M,70888.134288934,0.0,850657.611467208
216,217,F,51444.43889046333,56037.01864005837,673370.2853256183
217,218,F,23301.155279618404,67217.22765751959,346831.09101294045
218,219,M,26928.15404211661,0.0,323137.8485053993
219,220,F,11369.11456278687,19364.62577375964,155794.0005272021
220,221,M,41690.825699036825,0.0,500289.9083884419
221,222,M,17570.199436484087,4202.710950478498,215045.10418828754
222,223,M,13104.774871536192,0.0,157257.2984584343
223,224,F,114487.8766600727,0.0,1373854.5199208723
224,225,F,54002.20340129684,0.0,648026.4408155621
225,226,M,17060.724278723,0.0,204728.691344676
226,227,F,55900.73229625191,5100.450081627972,675909.2376366508
227,228,F,7826.684053963174,0.0,93920.20864755809
228,229,F,6162.944547762617,0.0,73955.3345731514
229,230,M,5975.81977846902,32722.719752217123,104432.55709384536
230,231,M,47011.05546296732,0.0,564132.6655556079
231,232,F,6951.319754443824,82611.6933945323,166027.5304478582
232,233,M,304077.9696581963,420476.18761712406,4069411.82351548
233,234,M,18202.67909222365,0.0,218432.1491066838
234,235,M,22502.581324950366,56666.8894710722,326697.86537047656
235,236,M,49829.6605260109,496400.17340542754,1094356.0997175584
236,237,F,70578.02444690035,0.0,846936.2933628042
237,238,M,5146.506087949292,85932.82244397374,147690.89549936523
238,239,F,27316.779863069365,131235.4362426094,459036.7945994418
239,240,F,8217.315730221628,283235.7581302637,381843.54689292324
240,241,M,9786.657749243142,17410.871176482106,134850.76416739982
241,242,M,48276.81955146165,72789.22686016379,652111.0614777035
242,243,F,37958.43870765424,0.0,455501.26449185086
243,244,M,19859.581619821613,43565.52954885602,281880.50898671534
244,245,F,124743.05476958418,0.0,1496916.65723501
245,246,M,23766.08920595801,0.0,285193.07047149615
246,247,M,15471.368843501952,0.0,185656.42612202343
247,248,M,20530.385947844046,0.0,246364.63137412857
248,249,M,38778.582701846535,11158.79741231286,476501.7898344713
249,250,F,21913.51073694322,0.0,262962.1288433186
250,251,M,59675.615040348464,1080.1551906250616,717187.5356748067
251,252,M,62251.05469774913,51348.30502240089,798360.9613953904
252,253,M,25040.733903048807,0.0,300488.8068365857
253,254,M,166347.21671648163,0.0,1996166.6005977797
254,255,M,9765.797793093723,0.0,117189.57351712468
255,256,M,24352.98848150311,476.3232346894855,292712.1850127268
256,257,M,30734.13544592221,0.0,368809.6253510665
257,258,M,14727.071129876236,0.0,176724.85355851485
258,259,M,26962.777612210808,18754.032396953768,342307.3637434835
259,260,M,67431.50916570456,0.0,809178.1099884547
260,261,F,15009.083807168528,95862.29256179118,275971.29824781354
261,262,F,21489.24664322985,2352.899010027141,260223.85872878533
262,263,M,36740.7202216735,0.0,440888.642660082
263,264,F,14688.987066943171,0.0,176267.84480331806
264,265,F,14501.397510345529,0.0,174016.77012414634
265,266,M,4247.15180080664,0.0,50965.821609679675
266,267,M,38590.919941797976,153737.76360252424,616828.8029040999
267,268,M,59867.34041183798,200650.98605137315,919059.0709934289
268,269,F,29622.52729235904,0.0,355470.32750830846
269,270,F,27519.36179437264,0.0,330232.34153247165
270,271,M,37807.13011264035,11551.703714540166,465237.2650662243
271,272,M,2054.7639360787016,0.0,24657.16723294442
272,273,F,13742.30642607,0.0,164907.67711284
273,274,M,35024.33009168102,5924.808044016463,426216.76914418873
274,275,M,4721.734840539324,0.0,56660.81808647189
275,276,F,20938.45678362349,0.0,251261.48140348186
276,277,F,139701.65435851485,28326.15231681485,1704746.004618993
277,278,F,66078.11291275245,0.0,792937.3549530294
278,279,M,26559.911056349007,15805.895745480537,334524.8284216686
279,280,M,11208.993839081237,42927.520726554736,177435.44679552957
280,281,F,7304.956740808028,0.0,87659.48088969634
281,282,M,24620.44931034828,0.0,295445.3917241793
282,283,M,33355.853458280246,41626.29017562305,441896.531674986
283,284,M,33823.50759231512,0.0,405882.0911077815
284,285,F,8923.986652069232,71748.71600641344,178836.55583124422
285,286,F,41968.02960986678,0.0,503616.35531840136
286,287,F,8862.949844095587,3120.269742251124,109475.66787139817
287,288,M,12452.533638924748,3098.964066765825,152529.3677338628
288,289,F,12401.54538359298,0.0,148818.54460311576
289,290,M,27985.263482606068,0.0,335823.1617912728
290,291,M,32204.578722934675,0.0,386454.9446752161
291,292,F,21348.438123855674,54304.04832126624,310485.3058075343
292,293,F,5383.389378633442,4441.093026001,69041.76556960231
293,294,M,76513.81893942517,0.0,918165.827273102
294,295,F,18896.729074961528,3308.00162902133,230068.75052855967
295,296,M,40231.80875484151,0.0,482781.7050580982
296,297,M,6395.093370343297,0.0,76741.12044411956
297,298,F,33778.10219106284,1323605.0024414568,1728942.2287342108
298,299,M,2304.813247157092,268.36538041136924,27926.124346296478
299,300,F,5347.213143765136,9024.633494406156,73191.19121958778
300,301,M,20712.476423324,17390.359420142122,265940.0765000301
301,302,M,41666.90991349761,0.0,500002.91896197136
302,303,M,28975.89841634487,36490.539030746346,384201.3200268848
303,304,M,27302.279131951724,0.0,327627.34958342067
304,305,M,3304.3390023716424,26762.17365901968,66414.2416874794
305,306,F,12400.69712945208,0.0,148808.36555342498
306,307,F,755320.874131734,0.0,9063850.489580808
307,308,M,360041.10444537736,83522.54753941965,4404015.800883948
308,309,F,11869.67160824762,0.0,142436.05929897144
309,310,M,29529.733291496774,0.0,354356.7994979613
310,311,M,103459.9181147568,0.0,1241519.0173770816
311,312,F,27365.332097109796,27621.055283062426,356005.04044838
312,313,M,108908.59700150132,0.0,1306903.1640180158
313,314,F,25234.22931235777,5471.837169948168,308282.5889182414
314,315,M,29170.194636492623,0.0,350042.33563791146
315,316,M,8185.003545890721,0.0,98220.04255068865
316,317,M,40190.30806440585,0.0,482283.6967728702
317,318,M,17529.29929039354,0.0,210351.5914847225
318,319,F,8597.300643399487,0.0,103167.60772079384
319,320,M,23716.14133160561,0.0,284593.6959792673
320,321,M,83225.40283320958,0.0,998704.8339985149
321,322,M,27215.05038265488,0.0,326580.6045918586
322,323,M,11064.075977699576,98110.28261033048,230879.1943427254
323,324,F,8189.783901715916,0.0,98277.40682059099
324,325,F,16514.255734366634,309866.6993264508,508037.76813885046
325,326,M,26960.225805266316,0.0,323522.70966319577
326,327,M,30070.753230421444,0.0,360849.03876505734
327,328,F,6401.312587935759,0.0,76815.7510552291
328,329,M,115888.77457712656,3127.617385761788,1393792.9123112806
329,330,F,76950.96258374785,0.0,923411.5510049742
330,331,M,36937.66285200112,0.0,443251.9542240135
331,332,M,2872.4269925007584,0.0,34469.123910009104
332,333,F,33187.07665441604,447676.4939973131,845921.4138503056
333,334,F,5809.31621773375,16805.795996118293,86517.59060892329
334,335,F,56394.251586229366,7042.832217301908,683773.8512520543
335,336,F,33524.999214547795,0.0,402299.9905745735
336,337,M,47680.443399602285,0.0,572165.3207952274
337,338,M,24467.66029553454,26807.522564747596,320419.4461111621
338,339,F,19057.252451396627,908.6296825779468,229595.65909933747
339,340,M,69126.34919365862,0.0,829516.1903239035
340,341,M,25954.34735344846,10471.272779749985,321923.4410211315
341,342,F,12461.850062486126,0.0,149542.20074983352
342,343,F,6634.733174435507,69643.92026717855,149260.71836040463
343,344,F,8990.76546163906,651562.1085642796,759451.2941039484
344,345,M,66368.8667372313,0.0,796426.4008467756
345,346,M,19345.975540293,0.0,232151.70648351597
346,347,F,11366.901981673582,0.0,136402.82378008298
347,348,F,15626.926593470596,26907.401958500817,214430.52108014797
348,349,F,16159.995385644084,69110.99168194004,263030.93630966905
349,350,F,1590.4628746417463,0.0,19085.554495700955
350,351,M,18547.835192556035,0.0,222574.02231067242
351,352,F,17243.881246273642,65951.75549161888,272878.3304469026
352,353,M,16938.28354008475,0.0,203259.402481017
353,354,F,43316.27777839057,0.0,519795.33334068686
354,355,F,24537.62411258604,0.0,294451.4893510325
355,356,F,49336.55330068173,0.0,592038.6396081807
356,357,M,26514.49217218956,75253.25661328567,393427.1626795604
357,358,F,254296.04884974632,6532.653849631308,3058085.240046587
358,359,M,21728.6043976312,0.0,260743.2527715744
359,360,F,27969.58409031588,435116.063092264,770751.0721760546
360,361,M,12316.822358026056,0.0,147801.8682963127
361,362,F,28582.57807546756,1276.5304114602409,344267.467317071
362,363,M,38171.74821999082,0.0,458060.97863988986
363,364,M,37644.776255361634,76138.36193166717,527875.6769960067
364,365,F,255002.1208392416,14984.10102335118,3075009.5510942503
365,366,F,211829.83332987284,907612.566032613,3449570.5659910874
366,367,F,1574.6379744694038,0.0,18895.655693632845
367,368,M,945.6484579174786,84131.36820641303,95479.14970142276
368,369,F,53935.65733513509,219102.9871093724,866330.8751309934
369,370,M,32905.38574320339,0.0,394864.62891844066
370,371,F,5939.250944124975,0.0,71271.0113294997
371,372,M,28987.49207129495,0.0,347849.9048555394
372,373,F,121475.4514441386,0.0,1457705.4173296632
373,374,M,15970.556059553524,0.0,191646.6727146423
374,375,M,20565.941625292628,0.0,246791.29950351152
375,376,M,103581.72440134716,173593.9115831038,1416574.6043992697
376,377,F,20987.760445502998,39702.5134223259,291555.6387683619
377,378,F,218709.85566312316,0.0,2624518.267957478
378,379,F,161681.18430026408,12674.663468933855,1952848.8750721028
379,380,F,6633.626979210265,23280.0381509054,102883.56190142858
380,381,M,3901.3684089204185,0.0,46816.42090704502
381,382,F,19683.264120208925,4632.52126151788,240831.69070402498
382,383,M,18120.69958327707,41522.55204864632,258970.94704797116
383,384,M,8446.353729972638,0.0,101356.24475967165
384,385,M,65049.72569250521,0.0,780596.7083100625
385,386,F,134281.68380411153,0.0,1611380.2056493382
386,387,F,60510.26606585426,0.0,726123.1927902511
387,388,M,54483.67974998674,0.0,653804.1569998409
388,389,F,52804.53074521913,2085.8688006900657,635740.2377433196
389,390,M,21652.170869516314,0.0,259826.0504341958
390,391,F,4095.586790972,0.0,49147.041491664
391,392,F,27033.52064915573,0.0,324402.24778986874
392,393,M,56585.70176276299,0.0,679028.4211531559
393,394,F,60847.17281911491,0.0,730166.0738293789
394,395,F,45965.0471109078,0.0,551580.5653308936
395,396,M,161142.42869976934,0.0,1933709.1443972322
396,397,F,53460.58841160892,30730.049864884797,672257.1108041919
397,398,F,26985.712744046454,216525.3961815297,540353.9491100871
398,399,F,123564.71874406096,0.0,1482776.6249287315
399,400,M,28399.349618643024,0.0,340792.1954237163
400,401,M,26652.820198879886,0.0,319833.84238655865
401,402,F,12982.802010328363,202782.0352711468,358575.65939508716
402,403,M,5284.77109497206,0.0,63417.253139664725
403,404,F,6343.857022418818,0.0,76126.28426902581
404,405,M,28935.642255792554,0.0,347227.70706951065
405,406,F,2107.414182727836,116940.39701692078,142229.3672096548
406,407,F,44983.17572502597,0.0,539798.1087003116
407,408,F,59270.56526024442,133754.33793059288,845001.121053526
408,409,F,44030.39596728275,64314.52578327985,592679.2773906728
409,410,F,4972.6536846197605,0.0,59671.84421543713
410,411,F,19008.31057135529,0.0,228099.72685626347
411,412,F,135337.3570591423,0.0,1624048.2847097074
412,413,M,19174.04414006325,26041.626572875844,256130.15625363484
413,414,F,19467.41812572314,0.0,233609.01750867767
414,415,F,44336.59269706858,0.0,532039.112364823
415,416,M,29118.779757860266,132102.75395874298,481528.1110530662
416,417,M,18151.162477524427,0.0,217813.94973029313
417,418,M,40014.531610040256,0.0,480174.3793204831
418,419,M,13728.84291942327,0.0,164746.11503307923
419,420,F,21697.93319160964,391256.0787413215,651631.2770406372
420,421,M,14366.50105548207,0.0,172398.01266578483
421,422,M,23568.40123296849,48905.28235486871,331726.09715049056
422,423,M,56057.91039238109,175280.88042356336,847975.8051321364
423,424,M,49688.66719921808,172468.40716494323,768732.4135555602
424,425,F,6813.478155000527,0.0,81761.73786000632
425,426,F,66416.40500451977,16055.319958007463,813052.1800122446
426,427,M,31979.856075367697,94714.81236641596,478473.08527082833
427,428,M,16902.849635444265,92757.97004734872,295592.1656726799
428,429,F,17398.010831272324,115580.96576782117,324357.09574308904
429,430,F,2571.272526869803,303470.7649766267,334326.03529906436
430,431,F,26839.18626825029,956210.4920828054,1278280.727301809
431,432,M,14832.74181218393,0.0,177992.90174620715
432,433,M,44549.262644362825,2417.635050491273,537008.7867828453
433,434,M,10826.92212357416,0.0,129923.06548288993
434,435,M,15743.353609222337,0.0,188920.24331066804
435,436,M,36680.42966875336,0.0,440165.1560250403
436,437,M,37528.30513025076,103843.64011731705,554183.3016803262
437,438,F,91245.330920622,0.0,1094943.971047464
438,439,M,32401.844906685958,0.0,388822.1388802315
439,440,F,86960.01391182329,73347.44103890553,1116867.607980785
440,441,M,22924.118514190883,0.0,275089.4221702906
441,442,M,12296.880901414796,0.0,147562.57081697753
442,443,F,61789.03591031872,87690.61247139843,829159.0433952231
443,444,M,40575.32716128796,0.0,486903.92593545554
444,445,F,24643.603828483447,0.0,295723.24594180135
445,446,F,3883.2301425410874,945307.4212883482,991906.1829988412
446,447,M,6602.970531193913,130759.00707827986,209994.6534526068
447,448,F,42538.78755982753,0.0,510465.45071793033
448,449,F,35483.77986603901,6652.680968432027,432458.0393609002
449,450,M,23331.203553238134,0.0,279974.44263885764
450,451,M,33728.56121507261,218.24872933484417,404960.98331020615
451,452,M,3018.335947492175,0.0,36220.0313699061
452,453,M,11972.104192064757,966.138130537331,144631.3884353144
453,454,F,50868.03440768903,0.0,610416.4128922684
454,455,M,72801.23911406209,0.0,873614.869368745
455,456,F,21326.94014344335,0.0,255923.28172132018
456,457,F,20372.62713498048,6901.726099255235,251373.251719021
457,458,M,205648.28460049283,32954.88836748423,2500734.3035733984
458,459,F,20097.757660403466,0.0,241173.09192484157
459,460,M,36896.52232240008,0.0,442758.26786880096
460,461,M,31059.108434319296,113591.0129060896,486300.31411792117
461,462,M,109265.19222134666,0.0,1311182.30665616
462,463,F,89552.60262456824,0.0,1074631.2314948188
463,464,F,83972.68315315258,0.0,1007672.197837831
464,465,M,436170.4040590364,0.0,5234044.848708437
465,466,F,112434.46650118966,127421.42525515592,1476635.023269432
466,467,F,25896.867664439236,107266.17093934462,418028.58291261544
467,468,F,34229.76261134509,6934.529246066753,417691.6805822078
468,469,M,33403.57425246402,0.0,400842.8910295683
469,470,F,9342.612262095923,0.0,112111.34714515108
470,471,F,318681.89208526805,0.0,3824182.7050232165
471,472,F,47750.31848429771,0.0,573003.8218115725
472,473,F,13103.36461858082,32884.555639041784,190124.93106201163
473,474,F,11590.240283896866,29309.541216935937,168392.42462369832
474,475,F,23573.06833227571,2914746.961476032,3197623.781463341
475,476,F,10424.731505146176,11049.761119777446,136146.53918153155
476,477,F,17025.039759158088,4494.25778550363,208794.7348954007
477,478,M,200626.28983225927,1080251.5052457268,3487766.983232838
478,479,F,8994.599371704177,0.0,107935.19246045011
479,480,M,33604.564798309926,62845.72073429976,466100.4983140188
480,481,F,9764.690921357682,0.0,117176.29105629219
481,482,F,23836.465555286468,0.0,286037.5866634376
482,483,M,222413.07696925788,0.0,2668956.9236310944
483,484,F,14454.536936772856,0.0,173454.44324127428
484,485,F,22639.13780570222,62721.988835046,334391.6425034726
485,486,F,13424.50900081861,0.0,161094.10800982334
486,487,M,30145.52250375266,6540.761607439306,368287.0316524712
487,488,M,12705.464214040969,28102.25290270893,180567.82347120054
488,489,M,10115.56009239775,1090.9508636485505,122477.67197242157
489,490,F,76336.76113681476,186447.25083545755,1102488.3844772347
490,491,M,45929.98569193343,0.0,551159.8283032011
491,492,F,10032.777186963627,0.0,120393.32624356353
492,493,M,29235.29553111142,0.0,350823.54637333704
493,494,F,63868.46099460656,0.0,766421.5319352788
494,495,M,16343.888252980028,0.0,196126.65903576033
495,496,M,125967.79591845606,3715.9630374601816,1515329.514058933
496,497,M,2883.2723483361447,0.0,34599.26818003374
497,498,F,15205.413490448496,8810.424277116832,191275.3861624988
498,499,M,210461.15497448517,0.0,2525533.859693822
499,500,F,15645.611052943104,0.0,187747.33263531726
500,501,M,63885.4320364332,26569.25620594248,793194.4406431409
501,502,M,33719.24756732354,0.0,404630.9708078825
502,503,M,37565.26145282801,550183.959611958,1000967.0970458941
503,504,F,39094.86151486024,0.0,469138.3381783229
504,505,M,4075.174929213045,0.0,48902.09915055654
505,506,F,74414.0414367789,1049.489198649204,894017.986439996
506,507,F,74905.42413147679,0.0,898865.0895777214
507,508,F,14735.414195988977,0.0,176824.97035186773
508,509,F,24763.05864262165,0.0,297156.7037114598
509,510,M,12905.398634409292,9486.193956925126,164350.97756983663
510,511,F,92718.0849906378,40627.34684325541,1153244.366730909
511,512,F,55111.11667426724,0.0,661333.4000912069
512,513,F,22848.19933172483,0.0,274178.391980698
513,514,F,20912.306767070837,0.0,250947.68120485003
514,515,M,13858.658128066843,126740.86037422056,293044.75791102264
515,516,F,41577.153068452855,0.0,498925.83682143426
516,517,M,9607.098465704345,53268.49658226135,168553.67817071348
517,518,F,6599.41110336413,0.0,79192.93324036956
518,519,F,6664.811687026022,1969862.2833768951,2049840.0236212073
519,520,M,56112.472983414526,0.0,673349.6758009742
520,521,F,13171.8562749481,3808.2902676863127,161870.56556706352
521,522,F,79195.55279070788,78295.20967956874,1028641.8431680633
522,523,M,33006.2145408471,0.0,396074.57449016516
523,524,M,48274.61862750243,48307.31918655843,627602.7427165876
524,525,F,10006.612061877877,35216.527543261305,155295.87228579583
525,526,M,18097.252122875525,0.0,217167.0254745063
526,527,M,50315.78609836851,0.0,603789.433180422
527,528,F,68774.2888917286,0.0,825291.4667007432
528,529,F,11665.949027700144,0.0,139991.38833240172
529,530,F,282337.92849051324,0.0,3388055.141886159
530,531,M,31305.872999750754,123.60191736661488,375794.0779143757
531,532,M,12110.291897570289,0.0,145323.50277084345
532,533,M,14992.144615685418,0.0,179905.735388225
533,534,M,24138.51230534488,0.0,289662.1476641386
534,535,F,36499.09597186889,17849.09827516891,455838.24993759557
535,536,M,46974.99504853488,0.0,563699.9405824186
536,537,F,8367.34746234932,9347.620584949344,109755.79013314118
537,538,F,15038.252032889972,0.0,180459.02439467967
538,539,M,172735.21960718685,0.0,2072822.6352862422
539,540,M,40111.70350755832,3215522.515572146,3696862.957662846
540,541,M,220600.21095125403,0.0,2647202.5314150485
541,542,M,52896.18138836293,0.0,634754.1766603552
542,543,M,67630.21879599045,0.0,811562.6255518855
543,544,F,23135.306337203667,69038.23307069353,346661.90911713755
544,545,M,94492.03583272731,17620.894799689602,1151525.3247924172
545,546,M,17893.25043093057,0.0,214719.00517116685
546,547,M,7297.265894977115,14050.43573415453,101617.62647387991
547,548,M,90955.3826198772,5347.987141783156,1096812.5785803094
548,549,F,43602.50873972132,389315.7325497206,912545.8374263765
549,550,F,22792.762444877524,0.0,273513.14933853026
550,551,F,20466.86437990705,0.0,245602.37255888458
551,552,M,17911.335861785396,0.0,214936.03034142475
552,553,F,29703.44075474854,0.0,356441.2890569825
553,554,F,36214.40828176521,89926.9736811907,524499.8730623733
554,555,M,9674.21578970124,0.0,116090.58947641488
555,556,F,116935.2069105352,0.0,1403222.4829264223
556,557,M,7178.874106289282,493973.9969603012,580120.4862357726
557,558,M,16184.020397146203,0.0,194208.24476575444
558,559,F,6356.42026799126,0.0,76277.04321589512
559,560,F,80922.35244134923,0.0,971068.2292961907
560,561,F,81584.21196074261,5096.709582058035,984107.2531109694
561,562,F,14507.543323479782,0.0,174090.51988175738
562,563,M,14450.160444868225,0.0,173401.9253384187
563,564,F,300729.53964163293,0.0,3608754.475699595
564,565,M,40662.29848833249,479.2752170879212,488426.85707707785
565,566,F,39857.82382183775,0.0,478293.885862053
566,567,M,47332.46557235818,24131.66338537526,592121.2502536735
567,568,M,9783.523357032722,13282.123922869556,130684.40420726221
568,569,M,14677.625228527124,0.0,176131.50274232548
569,570,F,4041.514022902055,5017.93345813688,53516.10173296154
570,571,F,8567.663218145648,1119177.543410323,1221989.5020280709
571,572,M,9879.535387022948,11209.77985457022,129764.2044988456
572,573,F,362844.1103821304,165630.21659332092,4519759.541178886
573,574,M,21109.35223396112,0.0,253312.2268075334
574,575,M,36528.235515052416,137257.49061444332,575596.3167950723
575,576,F,50308.36630138863,13248.019961398257,616948.4155780618
576,577,M,8916.572261441166,0.0,106998.867137294
577,578,F,122031.72369163352,257615.56060965476,1721996.244909257
578,579,M,13256.903016332602,0.0,159082.83619599123
579,580,M,18071.11932900581,0.0,216853.43194806972
580,581,M,19391.657956556744,3779112.148729589,4011812.0442082696
581,582,F,14034.927671063691,0.0,168419.1320527643
582,583,F,17460.01741930213,191334.36042172235,400854.56945334794
583,584,M,18664.447891091266,4412.506534618992,228385.88122771418
584,585,M,73407.33599202416,0.0,880888.03190429
585,586,F,7024.4602686759445,36722.395904806166,121015.91912891749
586,587,F,21211.92127789484,0.0,254543.05533473805
587,588,F,77892.86230776145,40731.814890639296,975446.1625837766
588,589,F,76606.26467669712,0.0,919275.1761203654
589,590,M,8450.811416443938,0.0,101409.73699732724
590,591,M,4840.69434259252,83952.42878794506,142040.76089905528
591,592,F,74823.93947578373,0.0,897887.2737094047
592,593,M,29101.13784489652,33983.034063782325,383196.6882025405
593,594,F,25529.496473252537,54008.82272699074,360362.78040602116
594,595,M,14928.37447833964,0.0,179140.49374007568
595,596,M,22281.339289840194,0.0,267376.07147808233
596,597,F,34741.03622366626,0.0,416892.43468399515
597,598,M,18091.40952723828,1263.7917469013362,218360.7060737607
598,599,M,15410.38362112549,83061.45486546554,267986.0583189714
599,600,F,2384.22443201961,0.0,28610.693184235322
600,601,F,15556.911230477292,109792.33478397486,296475.26954970235
601,602,M,10528.567648229118,0.0,126342.81177874943
602,603,F,43186.59520676038,0.0,518239.14248112455
603,604,F,11412.680830061918,0.0,136952.16996074302
604,605,M,20091.559591820653,0.0,241098.71510184783
605,606,M,49177.04389627696,7374.801832948829,597499.3285882723
606,607,M,19571.862802868865,0.0,234862.35363442637
607,608,M,9733.026652980132,15279.662035922642,132075.98187168423
608,609,F,30432.32936121885,0.0,365187.9523346262
609,610,F,6501.163432992401,0.0,78013.9611959088
610,611,F,54325.42747507208,0.0,651905.1297008649
611,612,F,5972.362408391931,0.0,71668.34890070317
612,613,F,41477.41128826969,7234.689247678561,504963.6247069149
613,614,F,7752.973479730138,0.0,93035.68175676165
614,615,F,12078.685323037069,0.0,144944.22387644483
615,616,F,12208.968468059362,620397.4077046545,766905.0293213668
616,617,F,35922.79634621888,2589.4274617254914,433662.983616352
617,618,M,44123.00301267661,0.0,529476.0361521193
618,619,M,20392.51083730189,17853.965829824097,262564.09587744676
619,620,M,12619.978486547172,0.0,151439.74183856606
620,621,F,134566.39168869154,0.0,1614796.7002642984
621,622,M,6836.490060161903,0.0,82037.88072194284
622,623,M,41286.982926058605,0.0,495443.7951127032
623,624,M,43427.55908690188,0.0,521130.70904282253
624,625,F,23368.682153417845,163.20883359371018,280587.39467460784
625,626,F,29006.63382793951,0.0,348079.6059352741
626,627,M,22186.78867762955,0.0,266241.4641315546
627,628,M,8687.296315712922,0.0,104247.55578855507
628,629,F,91993.6135792158,1148.9853214121822,1105072.3482720016
629,630,F,22918.58592083438,70154.0889570177,345177.12000703026
630,631,M,46353.10785530575,0.0,556237.294263669
631,632,M,40872.37738160673,49514.12516157161,539982.6537408525
632,633,F,4239.869517635134,1838.024914498322,52716.45912611993
633,634,M,45632.92430597187,101081.78705208296,648676.8787237454
634,635,F,216893.5932381174,0.0,2602723.118857409
635,636,M,42145.05771595648,0.0,505740.69259147777
636,637,M,41993.19879273888,0.0,503918.38551286655
637,638,F,14020.671451545895,513209.4865887214,681457.5440072721
638,639,F,9349.154982367712,0.0,112189.85978841255
639,640,F,4265.190061778641,0.0,51182.2807413437
640,641,M,19301.925472415267,342165.0676030975,573788.1732720807
641,642,M,32918.88334590889,0.0,395026.6001509067
642,643,M,198132.713632404,27898.244145022574,2405490.8077338706
643,644,F,54404.77463751997,485.6028074647909,653342.8984577045
644,645,F,37996.51999196314,209.575276335118,456167.8151798928
645,646,F,91811.28838475006,11370.5157428433,1113105.976359844
646,647,M,10435.31132486933,0.0,125223.73589843196
647,648,M,64158.30051575208,0.0,769899.606189025
648,649,F,16148.674058496144,0.0,193784.08870195373
649,650,M,54054.876236950855,0.0,648658.5148434102
650,651,F,15642.58704329034,0.0,187711.04451948407
651,652,F,70715.87504898437,66077.95493026394,914668.4555180763
652,653,F,70093.88569659415,57318.99597087748,898445.6243300074
653,654,M,17419.901930930864,0.0,209038.82317117037
654,655,M,37509.28215764618,0.0,450111.3858917542
655,656,M,184755.4273642137,0.0,2217065.1283705644
656,657,F,115041.69669156973,554328.574237241,1934828.9345360775
657,658,M,19783.977951119257,6671.247837657558,244078.98325108862
658,659,M,10461.600089450078,0.0,125539.20107340094
659,660,F,65520.795238132734,0.0,786249.5428575928
660,661,M,17181.94042665798,5247.01793690958,211430.30305680534
661,662,M,10193.211860505708,0.0,122318.54232606849
662,663,F,17584.192344290404,2005.5784374024583,213015.8865688873
663,664,M,129885.67686046734,0.0,1558628.122325608
664,665,F,26887.095852408653,115761.42369902376,438406.57392792765
665,666,M,16005.894886983378,24994.67735975436,217065.4160035549
666,667,M,63950.86281681299,376766.8632482974,1144177.2170500532
667,668,M,90731.26332175486,24378.29723165506,1113153.4570927133
668,669,M,29221.086670825774,67740.19037160906,418393.2304215183
669,670,M,79168.7093780242,357709.1966089783,1307733.7091452687
670,671,M,10248.867587350802,102937.09934304123,225923.51039125083
671,672,M,16335.861028487376,52322.64147348103,248352.97381532955
672,673,M,7814.643198801074,6354.823935693817,100130.5423213067
673,674,M,31895.764406455757,7068.922311791816,389818.0951892609
674,675,F,53743.34128165726,0.0,644920.0953798871
675,676,M,10239.256421086886,1287.6181808847368,124158.69523392736
676,677,F,24264.32446680364,483855.05929457664,775026.9528962204
677,678,M,2864.462138196503,0.0,34373.54565835804
678,679,F,79991.97607579884,0.0,959903.712909586
679,680,F,9080.96223641582,12844.772198814377,121816.31903580422
680,681,F,16225.30902938243,0.0,194703.70835258916
681,682,M,17215.73021320979,0.0,206588.76255851748
682,683,F,6252.785285313294,0.0,75033.42342375952
683,684,F,61122.236322400415,0.0,733466.835868805
684,685,M,17892.55976656855,33341.36262797904,248052.07982680164
685,686,F,46713.09576934244,0.0,560557.1492321093
686,687,F,31928.514572586093,0.0,383142.1748710331
687,688,M,38732.71090722605,0.0,464792.5308867126
688,689,F,12360.6042269954,0.0,148327.2507239448
689,690,F,73992.41456656996,0.0,887908.9747988395
690,691,F,18853.19072274673,30732.00604977404,256970.2947227348
691,692,F,18389.571189834223,926403.9638755036,1147078.8181535143
692,693,F,46748.51814473907,0.0,560982.2177368689
693,694,F,59756.19319256688,0.0,717074.3183108026
694,695,M,28477.93292080853,0.0,341735.19504970236
695,696,F,104139.4712137066,86312.3243263658,1335985.9788908449
696,697,M,40781.02442667388,25093.19659794525,514465.4897180318
697,698,M,56907.50025186552,0.0,682890.0030223862
698,699,M,19544.93594187233,198237.75473076425,432776.9860332322
699,700,F,37161.6484958905,0.0,445939.781950686
700,701,F,79947.1198752267,0.0,959365.4385027203
701,702,F,11686.49753814037,2998.141771462592,143236.11222914702
702,703,M,31809.67282346201,0.0,381716.0738815441
703,704,M,9445.5743840495,22702.70606936432,136049.59867795833
704,705,M,36866.96383645092,5911.013279245603,448314.5793166567
705,706,F,31918.94570037192,0.0,383027.34840446303
706,707,M,49659.510797646784,1166.163217132172,597080.2927888937
707,708,F,44497.66966086831,0.0,533972.0359304198
708,709,F,25519.02849812812,0.0,306228.34197753744
709,710,F,96546.17181856593,162572.6947239401,1321126.756546731
710,711,F,5581.360891531481,0.0,66976.33069837777
711,712,M,21716.526203077163,0.0,260598.31443692595
712,713,F,12032.970162719872,587158.3380145706,731553.979967209
713,714,M,21512.9909522168,0.0,258155.89142660162
714,715,M,26180.556853648548,13989.597497772227,328156.2797415548
715,716,F,10845.753145024755,0.0,130149.03774029706
716,717,F,7623.70413890761,0.0,91484.44966689132
717,718,M,12410.187880099184,18033.872058029214,166956.12661921943
718,719,F,9528.440970388408,982.4163727422696,115323.70801740317
719,720,M,12826.856576085063,163185.86453033003,317108.1434433508
720,721,M,49921.10522621749,10171.458975534166,609224.7216901442
721,722,M,26090.765125754788,0.0,313089.18150905747
722,723,F,31295.04307994253,0.0,375540.5169593104
723,724,M,8348.225673019511,0.0,100178.70807623414
724,725,M,81087.08558671497,11883.786259189048,984928.8132997686
725,726,M,198757.70331456623,0.0,2385092.4397747945
726,727,F,9453.623525212734,0.0,113443.4823025528
727,728,M,4788.400200038539,0.0,57460.80240046247
728,729,M,9455.67689755987,21135.38849249426,134603.5112632127
729,730,F,6029.758435476601,0.0,72357.10122571922
730,731,M,33689.78141554254,48647.19111629995,452924.5681028104
731,732,F,37249.020009865046,0.0,446988.2401183805
732,733,M,21088.82396616767,0.0,253065.88759401205
733,734,M,68866.66909953495,3744.786089136662,830144.815283556
734,735,M,69596.28611867927,23798.75489737539,858954.1883215266
735,736,F,85714.6277991552,0.0,1028575.5335898625
736,737,M,25556.6287533312,2300.504510449194,308980.0495504236
737,738,M,4953.4998800209705,0.0,59441.998560251646
738,739,M,27037.034307660284,0.0,324444.4116919234
739,740,M,84055.51254489284,0.0,1008666.1505387141
740,741,F,26630.78975836092,5849.14637932445,325418.6234796555
741,742,F,21159.25033905673,524799.8861552427,778710.8902239234
742,743,M,3350.0340643306845,0.0,40200.408771968214
743,744,F,15705.632194263251,249394.76406065517,437862.3503918142
744,745,F,35815.556082299845,0.0,429786.6729875981
745,746,M,12768.150513709275,0.0,153217.8061645113
746,747,M,20465.74336670968,0.0,245588.9204005162
747,748,M,134695.18584685776,40802.7341694982,1657144.9643317913
748,749,M,30025.686545561257,1177.5204021849468,361485.75894892
749,750,F,41651.24759407144,0.0,499814.97112885735
750,751,M,161447.70112838357,156191.75843423157,2093564.1719748345
751,752,M,130440.56309305852,28310.016383809463,1593596.7735005117
752,753,F,11961.437958760933,174855.76040959088,318393.0159147221
753,754,F,15364.207503261065,0.0,184370.49003913277
754,755,M,36953.2392315447,0.0,443438.8707785364
755,756,M,23124.091977978245,2220838.5447895164,2498327.6485252553
756,757,M,97255.76081521215,6329445.307208339,7496514.436990885
757,758,F,24691.20109697436,0.0,296294.41316369234
758,759,F,33077.731723014,0.0,396932.78067616804
759,760,M,22902.366110354786,0.0,274828.39332425746
760,761,F,12224.04850621567,0.0,146688.58207458805
761,762,F,48879.172790631455,0.0,586550.0734875775
762,763,F,4627.033460462417,0.0,55524.401525549
763,764,F,82012.03886451642,14781.88499468887,998926.351368886
764,765,F,38501.21165811576,0.0,462014.5398973891
765,766,F,176092.99144051503,5712.22830341816,2118828.1255895984
766,767,F,8328.034344934384,1076.8798519997758,101013.29199121238
767,768,M,19427.956300425834,0.0,233135.47560511
768,769,M,55643.170973272965,0.0,667718.0516792756
769,770,M,64046.837050327005,0.0,768562.044603924
770,771,F,70628.79846347016,0.0,847545.5815616419
771,772,M,34364.41164791674,0.0,412372.9397750009
772,773,M,70966.75231443814,169663.86707872944,1021264.8948519871
773,774,M,2869.6843277066573,16243.28010661773,50679.49203909762
774,775,F,14885.979218312785,0.0,178631.7506197534
775,776,F,51442.64393826176,171270.08524149712,788581.8125006383
776,777,F,30694.729002288223,0.0,368336.74802745867
777,778,M,29292.99025525701,124366.8859172186,475882.76898030273
778,779,F,17983.21961262637,0.0,215798.63535151642
779,780,M,18594.590851643705,0.0,223135.09021972446
780,781,F,54536.6824331821,0.0,654440.1891981852
781,782,M,30719.669553579733,0.0,368636.0346429568
782,783,M,7426.735829124394,3201.3029636764995,92322.13291316922
783,784,M,37471.77282340998,18175.247614450484,467836.5214953702
784,785,M,178469.68846073266,52518.5180204138,2194154.7795492057
785,786,F,50654.747715236896,0.0,607856.9725828427
786,787,M,19112.49768283113,0.0,229349.97219397355
787,788,M,4147.386660977711,0.0,49768.63993173253
788,789,F,91863.38441692274,0.0,1102360.6130030728
789,790,F,59573.18453556112,0.0,714878.2144267334
790,791,F,23024.00824904781,302667.44680170005,578955.5457902737
791,792,M,16322.983059894575,22498.208192206377,218374.00491094126
792,793,F,32713.90567414145,0.0,392566.8680896974
793,794,F,62024.2129938933,130853.5698107645,875144.1257374841
794,795,F,5524.4287454808655,2088.480273958778,68381.62521972916
795,796,F,9413.027127188849,0.0,112956.32552626618
796,797,F,13976.309744488426,4422341.102278487,4590056.819212348
797,798,F,37219.745997143706,138152.81042729435,584789.7623930188
798,799,M,44354.24148634418,108481.24093677769,640732.1387729078
799,800,M,5064.08840882106,121323.6890389114,182092.74994476413
800,801,F,59807.96874634365,158334.01247016308,876029.6374262868
801,802,M,7887.772361483036,0.0,94653.26833779643
802,803,F,5943.211259026519,0.0,71318.53510831823
803,804,F,51887.93863237574,27963.290706239943,650618.5542947489
804,805,M,135542.41827189387,2543.177516363407,1629052.1967790897
805,806,M,14905.105021579133,12736.92084648016,191598.18110542974
806,807,F,9287.957155496484,0.0,111455.4858659578
807,808,M,8408.797585359842,0.0,100905.57102431811
808,809,M,98900.0269569653,0.0,1186800.3234835835
809,810,M,68975.4981109806,35554.49952908088,863260.476860848
810,811,F,54736.80035723307,27436.67931023806,684278.283597035
811,812,M,14051.368546828098,947162.958029401,1115779.3805913383
812,813,M,68361.7097829977,0.0,820340.5173959724
813,814,F,91335.72784165545,0.0,1096028.7340998654
814,815,F,97591.77823108908,0.0,1171101.338773069
815,816,M,18675.097921235443,3488.899311672037,227590.07436649734
816,817,M,9281.373914430627,0.0,111376.48697316753
817,818,F,100084.48565846328,38642.3092095912,1239656.1371111507
818,819,F,36758.56361496755,0.0,441102.7633796106
819,820,F,9520.793537407975,0.0,114249.5224488957
820,821,M,16712.066924616625,968678.1471390496,1169222.950234449
821,822,F,5771.063892492073,0.0,69252.76670990488
822,823,F,28078.241722902258,0.0,336938.9006748271
823,824,F,36197.30835319165,11584.713872351058,445952.41411065083
824,825,M,17237.133290729016,2738.230888383869,209583.83037713205
825,826,F,4844.665958863651,6397.37803471159,64533.36954107541
826,827,M,14658.190408814036,0.0,175898.28490576844
827,828,F,69840.64978142435,0.0,838087.7973770922
828,829,F,14307.261404138582,60710.02997706618,232397.16682672917
829,830,F,13189.15344611239,0.0,158269.8413533487
830,831,M,33683.383127153895,353631.70974758145,757832.3072734282
831,832,M,5999.308199261765,922365.50652112,994357.2049122611
832,833,M,74049.39000114876,3356.9016250646773,891949.5816388498
833,834,F,91607.8158786063,3685.8473977169897,1102979.6379409926
834,835,F,41060.947924289685,413.7600239433614,493145.13511541963
835,836,M,21697.226871442665,7703.346074017301,268070.0685313293
836,837,F,15808.835453942233,0.0,189706.0254473068
837,838,F,10624.66200245728,0.0,127495.94402948736
838,839,F,39174.50285780594,0.0,470094.0342936713
839,840,M,6213.853638120023,0.0,74566.24365744027
840,841,F,43210.72002254151,0.0,518528.6402704981
841,842,F,7097.947687829832,0.0,85175.37225395799
842,843,F,91383.93610873756,0.0,1096607.2333048508
843,844,M,21699.113761197765,0.0,260389.3651343732
844,845,M,35038.56905529337,7252.544113721477,427715.37277724186
845,846,M,47058.50214492217,0.0,564702.0257390661
846,847,F,29313.078135329044,0.0,351756.93762394856
847,848,F,29834.72356721334,13441.07285921857,371457.75566577865
848,849,M,24710.726569119368,0.0,296528.7188294324
849,850,F,30337.19410254567,0.0,364046.329230548
850,851,F,284498.6739482552,0.0,3413984.0873790625
851,852,M,6711.484104042938,0.0,80537.80924851526
852,853,M,17654.9269164472,0.0,211859.1229973664
853,854,M,44450.54430194961,0.0,533406.5316233953
854,855,M,47859.18472626654,403.6957862453917,574713.9125014439
855,856,M,108936.94382849552,0.0,1307243.3259419464
856,857,F,1050.8168679817911,1145.3180191258118,13755.120434907307
857,858,F,4843.971929540083,0.0,58127.66315448099
858,859,M,28333.50193511649,1829.5103117390847,341831.533533137
859,860,M,72123.33157983447,12220.98310245327,877700.962060467
860,861,M,22255.73451829084,0.0,267068.81421949004
861,862,F,17445.45093348398,458.96326507083097,209804.37446687857
862,863,F,27930.399123765223,0.0,335164.7894851827
863,864,M,105751.78792553447,0.0,1269021.4551064137
864,865,F,40500.757929555926,75858.32978004104,561867.4249347121
865,866,F,29384.92690907142,0.0,352619.122908857
866,867,F,27107.32483814012,0.0,325287.89805768145
867,868,F,16978.470472214958,70751.97499101183,274493.6206575913
868,869,M,118598.39966363758,6257.379214479824,1429438.1751781309
869,870,M,137293.2493980444,0.0,1647518.9927765327
870,871,M,56933.95587694631,8873.46342535755,692080.9339487134
871,872,F,10470.036152628156,211034.57939462428,336675.0132261622
872,873,F,104510.71958351604,460576.7403817723,1714705.3753839647
873,874,M,42217.956129883845,9950.240294091149,516565.7138526973
874,875,M,28432.562260262923,0.0,341190.74712315504
875,876,M,26085.859131254565,0.0,313030.3095750548
876,877,M,20673.085912989187,0.0,248077.03095587023
877,878,M,79114.8135573192,0.0,949377.7626878304
878,879,M,27140.11891760918,141016.4523382273,466697.8793495374
879,880,M,8935.145079750453,0.0,107221.74095700544
880,881,F,54403.57635481566,0.0,652842.916257788
881,882,M,38938.82433553975,0.0,467265.892026477
882,883,F,37328.0346800849,0.0,447936.4161610188
883,884,M,31910.601226361025,0.0,382927.21471633227
884,885,F,26458.608211552582,10366.75913406639,327870.0576726974
885,886,F,49306.520998240325,39594.50074084,631272.7527197239
886,887,M,75473.96897348511,105366.88552008342,1011054.5132019047
887,888,F,234245.6595145228,2752.89050906855,2813700.804683342
888,889,F,71377.72887083894,0.0,856532.7464500673
889,890,F,17082.87608898419,0.0,204994.51306781027
890,891,F,60119.44182775732,12340.759990838387,733774.0619239262
891,892,M,52042.47291983258,39052.8784130243,663562.5534510154
892,893,F,8773.188766284626,483586.5775536239,588864.8427490394
893,894,F,138850.8821859104,401319.1226761674,2067529.7089070922
894,895,F,13844.90190253162,0.0,166138.82283037942
895,896,F,21986.53427650301,17429.91235122247,281268.3236692586
896,897,M,85745.02130809588,0.0,1028940.2556971505
897,898,M,25579.123264986774,0.0,306949.4791798413
898,899,F,46156.99945138944,0.0,553883.9934166733
899,900,M,9435.639975258273,874.6393092828266,114102.3190123821
900,901,F,60730.30541287352,0.0,728763.6649544822
901,902,M,49352.2696753784,0.0,592227.2361045408
902,903,M,6947.316609948271,0.0,83367.79931937926
903,904,M,11121.60382171975,0.0,133459.245860637
904,905,F,26169.09246120621,85059.63838165088,399088.74791612546
905,906,F,26061.601210575627,599196.7541768904,911935.9687037979
906,907,F,23109.089521452097,0.0,277309.07425742515
907,908,M,31988.93915029634,0.0,383867.2698035561
908,909,F,11409.454846213612,0.0,136913.45815456333
909,910,M,172242.0552707768,4735.081104103307,2071639.7443534248
910,911,M,57711.19875843846,0.0,692534.3851012615
911,912,F,67803.41776522865,33668.27718019407,847309.2903629377
912,913,F,21853.266042823696,55549.34764718496,317788.5401610693
913,914,F,169409.05546597933,0.0,2032908.665591752
914,915,F,98238.47166824625,0.0,1178861.660018955
915,916,M,34117.28199158688,4659.758652371541,414067.14255141414
916,917,M,18282.583684195462,7877.2401365732385,227268.2443469188
917,918,M,35671.95348133239,295186.6043909469,723250.0461669356
918,919,F,57951.3684312226,0.0,695416.4211746713
919,920,M,10011.01020680985,12710.877491257184,132842.99997297538
920,921,F,68145.90195335294,0.0,817750.8234402352
921,922,F,14314.189007185048,12137.320831014387,183907.58891723497
922,923,F,13134.391415666718,0.0,157612.69698800062
923,924,M,11724.17742397088,0.0,140690.12908765057
924,925,M,11293.859471846616,10116.123012564887,145642.43667472427
925,926,M,89233.57300508115,13136.151078790686,1083939.0271397645
926,927,F,2942.2060244815048,0.0,35306.47229377806
927,928,F,9407.686836822331,0.0,112892.24204186798
928,929,F,46745.32322782949,176718.8468502398,737662.7255841937
929,930,F,183917.0361781664,0.0,2207004.4341379968
930,931,F,115480.69376572568,3976.075160287244,1389744.4003489953
931,932,F,5376.715365600312,0.0,64520.584387203744
932,933,F,25210.002747542767,0.0,302520.0329705132
933,934,M,27991.31182943625,0.0,335895.741953235
934,935,F,39334.91194651646,16114.868614746632,488133.8119729442
935,936,F,53894.6991501885,12739.419125553974,659475.8089278159
936,937,F,108335.65937925687,0.0,1300027.9125510824
937,938,M,24743.22754773372,57572.5556187412,354491.28619154583
938,939,F,16166.868191123103,21725.91542253553,215728.33371601277
939,940,M,9713.912696795254,0.0,116566.95236154305
940,941,M,35241.71549574645,8492.150338892918,431392.73628785036
941,942,M,43968.14331791737,0.0,527617.7198150085
942,943,M,36533.755864252445,0.0,438405.0703710293
943,944,F,212090.15928704836,28731.74061732613,2573813.652061906
944,945,M,18353.01884530968,0.0,220236.2261437162
945,946,F,28058.360112557628,0.0,336700.32135069155
946,947,M,18556.892149989,2267.7402499670434,224950.44604983504
947,948,F,15618.27146527567,0.0,187419.25758330803
948,949,M,28769.86088512598,0.0,345238.3306215118
949,950,F,72450.09906005686,368275.9601128916,1237677.148833574
950,951,F,11091.655519491384,565549.6880566328,698649.5542905293
951,952,M,9777.301387837648,17149.58581594897,134477.20247000075
952,953,M,11633.035665004303,2390974.201602535,2530570.6295825867
953,954,F,45233.2189341919,0.0,542798.6272103027
954,955,M,11234.15478253185,0.0,134809.8573903822
955,956,M,71370.2735310434,339080.44435791654,1195523.7267304375
956,957,F,16723.862934347206,45875.351524170255,246561.70673633672
957,958,F,78354.67918322414,0.0,940256.1501986897
958,959,F,24901.53156285264,0.0,298818.3787542317
959,960,M,3809.4921894703407,69396.20325427437,115110.10952791845
960,961,F,27051.46537788425,0.0,324617.584534611
961,962,M,98041.25055129406,0.0,1176495.0066155286
962,963,M,16090.457712896448,0.0,193085.4925547574
963,964,F,12089.61134675509,557549.2439001787,702624.5800612398
964,965,F,7346.731097138831,0.0,88160.77316566597
965,966,F,45432.134102765325,0.0,545185.6092331839
966,967,F,40107.98853420911,48885.78758386294,530181.6499943722
967,968,F,77136.17290488201,0.0,925634.0748585842
968,969,M,22045.343048668678,0.0,264544.11658402416
969,970,F,131014.74315322169,330.73917901867947,1572507.657017679
970,971,F,46430.82317749353,1807.071508209773,558976.9496381321
971,972,F,70016.5279676862,0.0,840198.3356122344
972,973,F,27077.82822215429,0.0,324933.9386658515
973,974,F,78436.51787825004,164196.40663560558,1105434.621174606
974,975,M,42286.96424847365,0.0,507443.5709816838
975,976,F,8910.787168840705,0.0,106929.44602608847
976,977,F,64735.60702045089,127712.34396125306,904539.6282066638
977,978,M,18534.795796364542,0.0,222417.5495563745
978,979,F,24486.70299645658,18037.30880015606,311877.744757635
979,980,M,156606.12360303232,4396.659933124026,1883670.1431695118
980,981,M,32833.04716251163,43659.79598606224,437656.36193620187
981,982,F,61603.98744273862,2284.297961127245,741532.1472739907
982,983,F,9922.78135646453,9391.08530400419,128464.46158157854
983,984,F,9829.512396297214,0.0,117954.14875556657
984,985,M,13403.234232093648,57266.920999793096,218105.7317849169
985,986,F,50518.560587828426,0.0,606222.7270539411
986,987,F,42161.0049124732,1203286.4867972278,1709218.5457469062
987,988,M,93656.19952063504,36688.83382917543,1160563.2280767958
988,989,M,45953.28851112306,0.0,551439.4621334767
989,990,M,104835.4101302668,0.0,1258024.9215632016
990,991,F,44258.49269755269,66880.47556798947,597982.3879386218
991,992,M,6948.359670648284,192155.7630314904,275536.0790792698
992,993,F,29934.65255286761,0.0,359215.8306344113
993,994,M,4535.759974223632,0.0,54429.11969068358
994,995,F,66503.73718491795,3452.137071266251,801496.9832902816
995,996,F,9972.95627199184,389278.9690777933,508954.4443416954
996,997,M,104504.61639239053,53809.78166193366,1307865.1783706201
997,998,F,98927.90307555236,0.0,1187134.8369066282
998,999,F,108107.14136832672,0.0,1297285.6964199205
